,description,long_link,short_link,user_id
0,Qui tenetur nam maiores amet.,http://www.grant.net/,77nxZSvjl,1
1,Esse et quam deleniti aut commodi fuga.,http://www.bechtelar.org/,0DajpTwBA,2
2,Veniam blanditiis omnis nihil provident nulla nobis placeat.,http://cronin.info/,442rWFPjB,3
3,Rem aspernatur itaque voluptate voluptate voluptate quae.,http://upton.com/,Z2RevCK4X,4
4,Quo quia aut esse et.,http://www.danielmoen.org/,DKPMeHdaw,5
5,Perspiciatis et eligendi nihil tenetur consequatur.,http://www.hegmann.biz/,9V4y6IMxa,6
6,Non rerum ex numquam accusantium reiciendis.,http://www.crona.com/,YM8oqUVAW,7
7,Neque eveniet est quod veritatis maiores at.,http://www.terrygorczany.net/,MLOq7Toqj,8
8,Est error adipisci accusamus provident.,http://swaniawskibaumbach.com/,a6eZ4iWXG,9
9,Iusto quia nihil non veritatis.,http://www.kovacekkub.com/,pJ8GJS8gWr,10
